Type,Name,Category,Price,FoodType,GST,Station,Description,Parent,ShortName,SKU,Default,SelectionType,Min,Max,Required,Group,Item
CATEGORY,Beverages,,,,,Bar,All beverages and drinks,,,,,,,,,,
CATEGORY,Mocktails & Shakes,,,,,Bar,Mocktails and milkshakes,,,,,,,,,,
CATEGORY,Chinese Veg Soups,,,,,Kitchen,Vegetarian Chinese soups,,,,,,,,,,
CATEGORY,Chinese Non-Veg Soups,,,,,Kitchen,Non-veg Chinese soups,,,,,,,,,,
CATEGORY,Chinese Veg Starter,,,,,Kitchen,Vegetarian Chinese starters,,,,,,,,,,
CATEGORY,Chinese Non-Veg Starter,,,,,Kitchen,Non-veg Chinese starters,,,,,,,,,,
CATEGORY,Pizza & Pasta,,,,,Kitchen,Italian cuisine,,,,,,,,,,
CATEGORY,Burger & Sandwich,,,,,Kitchen,Burgers and sandwiches,,,,,,,,,,
CATEGORY,Tandoor Veg Starter,,,,,Tandoor,Vegetarian tandoor items,,,,,,,,,,
CATEGORY,Tandoor Non-Veg Starter,,,,,Tandoor,Non-veg tandoor items,,,,,,,,,,
CATEGORY,Main Course Veg,,,,,Kitchen,Vegetarian main course,,,,,,,,,,
CATEGORY,Dal,,,,,Kitchen,Dal varieties,,,,,,,,,,
CATEGORY,Main Course Non-Veg,,,,,Kitchen,Non-veg main course,,,,,,,,,,
CATEGORY,Breads,,,,,Tandoor,Indian breads,,,,,,,,,,
CATEGORY,Rice & Biryani,,,,,Kitchen,Rice dishes and biryanis,,,,,,,,,,
CATEGORY,Raita,,,,,Kitchen,Raita varieties,,,,,,,,,,
CATEGORY,Accompaniments,,,,,Kitchen,Salads and extras,,,,,,,,,,
CATEGORY,Desserts,,,,,Dessert,Sweet dishes,,,,,,,,,,

ITEM,Mineral Water,Beverages,29,veg,5,Bar,,,Water,BEV001,,,,,,,
ITEM,Tea,Beverages,39,veg,5,Bar,,,Tea,BEV002,,,,,,,
ITEM,Coffee,Beverages,49,veg,5,Bar,,,Coffee,BEV003,,,,,,,
ITEM,Fresh Lime Soda,Beverages,99,veg,5,Bar,,,Lime Soda,BEV004,,,,,,,
ITEM,Aerated Beverages,Beverages,99,veg,5,Bar,,,Soft Drink,BEV005,,,,,,,
ITEM,Lassi,Beverages,99,veg,5,Bar,,,Lassi,BEV006,,,,,,,
ITEM,Jal Jeera,Beverages,99,veg,5,Bar,,,Jal Jeera,BEV007,,,,,,,
ITEM,Masala Chhachh,Beverages,99,veg,5,Bar,,,Chhachh,BEV008,,,,,,,
ITEM,Juices,Beverages,109,veg,5,Bar,,,Juice,BEV009,,,,,,,
ITEM,Cold Coffee,Beverages,119,veg,5,Bar,,,Cold Coffee,BEV010,,,,,,,
ITEM,Cold Coffee With Ice Cream,Beverages,139,veg,5,Bar,,,CC IceCream,BEV011,,,,,,,

ITEM,Virgin Mojito,Mocktails & Shakes,149,veg,5,Bar,,,V Mojito,MOC001,,,,,,,
ITEM,Blue Lagoon,Mocktails & Shakes,149,veg,5,Bar,,,Blue Lagoon,MOC002,,,,,,,
ITEM,Red Bull Mojito,Mocktails & Shakes,219,veg,5,Bar,,,RB Mojito,MOC003,,,,,,,
ITEM,Orange Splash,Mocktails & Shakes,149,veg,5,Bar,,,Org Splash,MOC004,,,,,,,
ITEM,Black Currant,Mocktails & Shakes,149,veg,5,Bar,,,Blk Currant,MOC005,,,,,,,
ITEM,Kit Kat Shake,Mocktails & Shakes,159,veg,5,Bar,,,KitKat Shk,MOC006,,,,,,,
ITEM,Oreo Shake,Mocktails & Shakes,159,veg,5,Bar,,,Oreo Shake,MOC007,,,,,,,
ITEM,Butter Scotch Shake,Mocktails & Shakes,159,veg,5,Bar,,,BS Shake,MOC008,,,,,,,
ITEM,Chocolate Shake,Mocktails & Shakes,159,veg,5,Bar,,,Choco Shake,MOC009,,,,,,,
ITEM,Vanilla Shake,Mocktails & Shakes,139,veg,5,Bar,,,Van Shake,MOC010,,,,,,,

ITEM,Hot N Sour Soup Veg,Chinese Veg Soups,109,veg,5,Kitchen,,,HnS Soup V,SVG001,,,,,,,
ITEM,Manchow Soup Veg,Chinese Veg Soups,109,veg,5,Kitchen,,,Manchow V,SVG002,,,,,,,
ITEM,Sweet Corn Soup Veg,Chinese Veg Soups,109,veg,5,Kitchen,,,SC Soup V,SVG003,,,,,,,
ITEM,Veg Clear Soup,Chinese Veg Soups,109,veg,5,Kitchen,,,Clear Soup,SVG004,,,,,,,
ITEM,Lemon Coriander Soup Veg,Chinese Veg Soups,109,veg,5,Kitchen,,,LC Soup V,SVG005,,,,,,,
ITEM,Tomato Soup,Chinese Veg Soups,119,veg,5,Kitchen,,,Tomato Soup,SVG006,,,,,,,

ITEM,Chicken Hot N Sour Soup,Chinese Non-Veg Soups,129,nonveg,5,Kitchen,,,HnS Soup C,SNC001,,,,,,,
ITEM,Chicken Manchow Soup,Chinese Non-Veg Soups,129,nonveg,5,Kitchen,,,Manchow C,SNC002,,,,,,,
ITEM,Chicken Sweet Corn Soup,Chinese Non-Veg Soups,129,nonveg,5,Kitchen,,,SC Soup C,SNC003,,,,,,,
ITEM,Chicken Clear Soup,Chinese Non-Veg Soups,129,nonveg,5,Kitchen,,,Clear C,SNC004,,,,,,,
ITEM,Chicken Lemon Coriander Soup,Chinese Non-Veg Soups,129,nonveg,5,Kitchen,,,LC Soup C,SNC005,,,,,,,

ITEM,Chilli Paneer,Chinese Veg Starter,0,veg,5,Kitchen,Dry or Gravy,,Chilli Pan,CHV001,,,,,,,
VARIANT,Dry,,,289,,,,,,,CHV001-D,yes,,,,,Chilli Paneer
VARIANT,Gravy,,,289,,,,,,,CHV001-G,no,,,,,Chilli Paneer
ITEM,Paneer 65,Chinese Veg Starter,289,veg,5,Kitchen,,,Pan 65,CHV002,,,,,,,
ITEM,Paneer Jungali,Chinese Veg Starter,289,veg,5,Kitchen,,,Pan Jungali,CHV003,,,,,,,
ITEM,Crispy Corn Salt N Pepper,Chinese Veg Starter,219,veg,5,Kitchen,,,Crispy Corn,CHV004,,,,,,,
ITEM,Veg Kothe,Chinese Veg Starter,219,veg,5,Kitchen,,,Veg Kothe,CHV005,,,,,,,
ITEM,Veg Lollypop,Chinese Veg Starter,219,veg,5,Kitchen,,,Veg Lolly,CHV006,,,,,,,
ITEM,Veg Spring Roll,Chinese Veg Starter,249,veg,5,Kitchen,,,Spring Roll,CHV007,,,,,,,
ITEM,Chilli Potato,Chinese Veg Starter,219,veg,5,Kitchen,,,Chilli Pot,CHV008,,,,,,,
ITEM,Crispy Honey Chilli Potato,Chinese Veg Starter,219,veg,5,Kitchen,,,Honey Pot,CHV009,,,,,,,
ITEM,Mushroom Chilli,Chinese Veg Starter,289,veg,5,Kitchen,,,Mush Chilli,CHV010,,,,,,,
ITEM,Paneer Garlic,Chinese Veg Starter,289,veg,5,Kitchen,,,Pan Garlic,CHV011,,,,,,,
ITEM,Chana Chilli,Chinese Veg Starter,219,veg,5,Kitchen,,,Chana Chil,CHV012,,,,,,,
ITEM,Paneer Kali Mirch,Chinese Veg Starter,289,veg,5,Kitchen,,,Pan Kali,CHV013,,,,,,,
ITEM,Veg Fried Rice,Chinese Veg Starter,259,veg,5,Kitchen,,,Veg FR,CHV014,,,,,,,
ITEM,Veg Schezwan Fried Rice,Chinese Veg Starter,269,veg,5,Kitchen,,,Veg Sch FR,CHV015,,,,,,,
ITEM,Triple Fried Rice,Chinese Veg Starter,289,veg,5,Kitchen,,,Triple FR,CHV016,,,,,,,
ITEM,Veg Chilli Garlic Fried Rice,Chinese Veg Starter,269,veg,5,Kitchen,,,CG FR,CHV017,,,,,,,
ITEM,Veg Noodles,Chinese Veg Starter,219,veg,5,Kitchen,,,Veg Nood,CHV018,,,,,,,
ITEM,Veg Hakka Noodles,Chinese Veg Starter,229,veg,5,Kitchen,,,Hakka Nood,CHV019,,,,,,,
ITEM,Veg Schezwan Noodles,Chinese Veg Starter,249,veg,5,Kitchen,,,Sch Nood,CHV020,,,,,,,
ITEM,Veg Singapori Noodles,Chinese Veg Starter,259,veg,5,Kitchen,,,Sing Nood,CHV021,,,,,,,
ITEM,Veg Manchurian,Chinese Veg Starter,0,veg,5,Kitchen,Dry or Gravy,,Veg Manchu,CHV022,,,,,,,
VARIANT,Dry,,,249,,,,,,,CHV022-D,yes,,,,,Veg Manchurian
VARIANT,Gravy,,,249,,,,,,,CHV022-G,no,,,,,Veg Manchurian
ITEM,Paneer Manchurian,Chinese Veg Starter,0,veg,5,Kitchen,Dry or Gravy,,Pan Manchu,CHV023,,,,,,,
VARIANT,Dry,,,269,,,,,,,CHV023-D,yes,,,,,Paneer Manchurian
VARIANT,Gravy,,,269,,,,,,,CHV023-G,no,,,,,Paneer Manchurian
ITEM,Paneer Noodles,Chinese Veg Starter,259,veg,5,Kitchen,,,Pan Nood,CHV024,,,,,,,
ITEM,Chilli Garlic Noodles,Chinese Veg Starter,259,veg,5,Kitchen,,,CG Nood,CHV025,,,,,,,
ITEM,Chana Roast,Chinese Veg Starter,219,veg,5,Kitchen,,,Chana Rst,CHV026,,,,,,,
ITEM,Paneer China Town,Chinese Veg Starter,249,veg,5,Kitchen,,,Pan China,CHV027,,,,,,,
ITEM,Paneer Mushroom Golden Fry,Chinese Veg Starter,269,veg,5,Kitchen,,,Pan Mush GF,CHV028,,,,,,,

ITEM,Chilli Chicken,Chinese Non-Veg Starter,0,nonveg,5,Kitchen,Dry or Gravy,,Chilli Chk,CHN001,,,,,,,
VARIANT,Dry,,,319,,,,,,,CHN001-D,yes,,,,,Chilli Chicken
VARIANT,Gravy,,,319,,,,,,,CHN001-G,no,,,,,Chilli Chicken
ITEM,Chicken 65,Chinese Non-Veg Starter,319,nonveg,5,Kitchen,,,Chk 65,CHN002,,,,,,,
ITEM,Drums of Heaven,Chinese Non-Veg Starter,339,nonveg,5,Kitchen,,,Drums Hvn,CHN003,,,,,,,
ITEM,Chilli Garlic Chicken,Chinese Non-Veg Starter,329,nonveg,5,Kitchen,,,CG Chicken,CHN004,,,,,,,
ITEM,Egg Chilli,Chinese Non-Veg Starter,0,egg,5,Kitchen,Dry or Gravy,,Egg Chilli,CHN005,,,,,,,
VARIANT,Dry,,,299,,,,,,,CHN005-D,yes,,,,,Egg Chilli
VARIANT,Gravy,,,299,,,,,,,CHN005-G,no,,,,,Egg Chilli
ITEM,Crispy Chicken Salt N Pepper,Chinese Non-Veg Starter,329,nonveg,5,Kitchen,,,Crispy Chk,CHN006,,,,,,,
ITEM,Crispy Honey Chicken,Chinese Non-Veg Starter,339,nonveg,5,Kitchen,,,Honey Chk,CHN007,,,,,,,
ITEM,Chicken Spring Roll,Chinese Non-Veg Starter,339,nonveg,5,Kitchen,,,Chk Spring,CHN008,,,,,,,
ITEM,Chilli Fish,Chinese Non-Veg Starter,0,nonveg,5,Kitchen,Dry or Gravy,,Chilli Fish,CHN009,,,,,,,
VARIANT,Dry,,,359,,,,,,,CHN009-D,yes,,,,,Chilli Fish
VARIANT,Gravy,,,359,,,,,,,CHN009-G,no,,,,,Chilli Fish
ITEM,Chicken Fried Rice,Chinese Non-Veg Starter,289,nonveg,5,Kitchen,,,Chk FR,CHN010,,,,,,,
ITEM,Chicken Schezwan Fried Rice,Chinese Non-Veg Starter,299,nonveg,5,Kitchen,,,Chk Sch FR,CHN011,,,,,,,
ITEM,Singaporean Chicken Fried Rice,Chinese Non-Veg Starter,299,nonveg,5,Kitchen,,,Sing Chk FR,CHN012,,,,,,,
ITEM,Chicken Manchurian,Chinese Non-Veg Starter,0,nonveg,5,Kitchen,Dry or Gravy,,Chk Manchu,CHN013,,,,,,,
VARIANT,Dry,,,319,,,,,,,CHN013-D,yes,,,,,Chicken Manchurian
VARIANT,Gravy,,,319,,,,,,,CHN013-G,no,,,,,Chicken Manchurian
ITEM,Egg Noodles,Chinese Non-Veg Starter,269,egg,5,Kitchen,,,Egg Nood,CHN014,,,,,,,
ITEM,Chicken Hakka Noodles,Chinese Non-Veg Starter,299,nonveg,5,Kitchen,,,Chk Hakka,CHN015,,,,,,,
ITEM,Chilli Garlic Chicken Noodles,Chinese Non-Veg Starter,319,nonveg,5,Kitchen,,,CG Chk Nood,CHN016,,,,,,,
ITEM,Black Pepper Chicken,Chinese Non-Veg Starter,319,nonveg,5,Kitchen,,,BP Chicken,CHN017,,,,,,,
ITEM,Lemon Fish,Chinese Non-Veg Starter,339,nonveg,5,Kitchen,,,Lemon Fish,CHN018,,,,,,,
ITEM,Fish Garlic Sauce,Chinese Non-Veg Starter,359,nonveg,5,Kitchen,,,Fish Garlic,CHN019,,,,,,,
ITEM,Egg Kali Mirch,Chinese Non-Veg Starter,249,egg,5,Kitchen,,,Egg Kali,CHN020,,,,,,,
ITEM,Ginger Chicken,Chinese Non-Veg Starter,359,nonveg,5,Kitchen,,,Ginger Chk,CHN021,,,,,,,
ITEM,Chicken Kali Mirch,Chinese Non-Veg Starter,359,nonveg,5,Kitchen,,,Chk Kali,CHN022,,,,,,,
ITEM,Kung Pao Chicken,Chinese Non-Veg Starter,359,nonveg,5,Kitchen,,,Kung Pao,CHN023,,,,,,,
ITEM,Chicken China Town,Chinese Non-Veg Starter,359,nonveg,5,Kitchen,,,Chk China,CHN024,,,,,,,
ITEM,Chicken Hunan Sauce,Chinese Non-Veg Starter,359,nonveg,5,Kitchen,,,Chk Hunan,CHN025,,,,,,,
ITEM,Chicken Mongolian,Chinese Non-Veg Starter,359,nonveg,5,Kitchen,,,Chk Mongol,CHN026,,,,,,,

ITEM,Classic Margherita Pizza,Pizza & Pasta,199,veg,5,Kitchen,,,Margherita,PIZ001,,,,,,,
ITEM,Fresh Farm Veggie Pizza,Pizza & Pasta,219,veg,5,Kitchen,,,Farm Veg,PIZ002,,,,,,,
ITEM,Paneer Corn Capsicum Pizza,Pizza & Pasta,239,veg,5,Kitchen,,,Pan Corn,PIZ003,,,,,,,
ITEM,Peri Peri Paneer Tikka Pizza,Pizza & Pasta,249,veg,5,Kitchen,,,PP Pan,PIZ004,,,,,,,
ITEM,Chicken Feast Onion Mozzarella,Pizza & Pasta,269,nonveg,5,Kitchen,,,Chk Feast,PIZ005,,,,,,,
ITEM,Peri Peri Chicken Tikka Pizza,Pizza & Pasta,279,nonveg,5,Kitchen,,,PP Chk,PIZ006,,,,,,,
ITEM,Pepperoni Chicken Pizza,Pizza & Pasta,299,nonveg,5,Kitchen,,,Pepperoni,PIZ007,,,,,,,
ITEM,Cheese Pasta,Pizza & Pasta,249,veg,5,Kitchen,,,Cheese Pas,PAS001,,,,,,,
ITEM,Penne Alfredo,Pizza & Pasta,299,veg,5,Kitchen,,,Penne Alf,PAS002,,,,,,,
ITEM,Chicken Cheese Pasta,Pizza & Pasta,329,nonveg,5,Kitchen,,,Chk Pasta,PAS003,,,,,,,

ITEM,Classic Veg Burger,Burger & Sandwich,119,veg,5,Kitchen,,,Veg Burger,BUR001,,,,,,,
ITEM,Classic Cheese Burger,Burger & Sandwich,139,veg,5,Kitchen,,,Cheese Bur,BUR002,,,,,,,
ITEM,Paneer Tikka Burger,Burger & Sandwich,149,veg,5,Kitchen,,,Pan Burger,BUR003,,,,,,,
ITEM,Double Cheese Paneer Burger,Burger & Sandwich,169,veg,5,Kitchen,,,DCP Burger,BUR004,,,,,,,
ITEM,Classic Chicken Burger,Burger & Sandwich,159,nonveg,5,Kitchen,,,Chk Burger,BUR005,,,,,,,
ITEM,Chicken Tikka Burger,Burger & Sandwich,179,nonveg,5,Kitchen,,,CT Burger,BUR006,,,,,,,
ITEM,Peri Peri Chicken Burger,Burger & Sandwich,189,nonveg,5,Kitchen,,,PP Burger,BUR007,,,,,,,
ITEM,Veg Club Sandwich,Burger & Sandwich,159,veg,5,Kitchen,,,Veg Club,SAN001,,,,,,,
ITEM,Chicken Club Sandwich,Burger & Sandwich,229,nonveg,5,Kitchen,,,Chk Club,SAN002,,,,,,,
ITEM,Gourmet Chicken Sandwich,Burger & Sandwich,239,nonveg,5,Kitchen,,,Gourmet SW,SAN003,,,,,,,

ITEM,Paneer Tikka,Tandoor Veg Starter,319,veg,5,Tandoor,,,Pan Tikka,TDV001,,,,,,,
ITEM,Paneer Pahadi Tikka,Tandoor Veg Starter,319,veg,5,Tandoor,,,Pan Pahadi,TDV002,,,,,,,
ITEM,Paneer Garlic Tikka,Tandoor Veg Starter,329,veg,5,Tandoor,,,Pan Grl Tk,TDV003,,,,,,,
ITEM,Paneer Parda,Tandoor Veg Starter,349,veg,5,Tandoor,,,Pan Parda,TDV004,,,,,,,
ITEM,Paneer Malai Tikka,Tandoor Veg Starter,329,veg,5,Tandoor,,,Pan Malai,TDV005,,,,,,,
ITEM,Mushroom Stuff Tikka,Tandoor Veg Starter,329,veg,5,Tandoor,,,Mush Stuff,TDV006,,,,,,,
ITEM,Mushroom Tikka,Tandoor Veg Starter,319,veg,5,Tandoor,,,Mush Tikka,TDV007,,,,,,,
ITEM,Hara Bhara Kebab,Tandoor Veg Starter,279,veg,5,Tandoor,,,Hara Bhara,TDV008,,,,,,,
ITEM,Corn Kebab,Tandoor Veg Starter,279,veg,5,Tandoor,,,Corn Kebab,TDV009,,,,,,,
ITEM,Cheez Chaska Kebab,Tandoor Veg Starter,279,veg,5,Tandoor,,,Cheez Chsk,TDV010,,,,,,,
ITEM,Veg 2 In 1,Tandoor Veg Starter,279,veg,5,Tandoor,,,Veg 2in1,TDV011,,,,,,,
ITEM,Veg Sheek Kebab,Tandoor Veg Starter,269,veg,5,Tandoor,,,Veg Sheek,TDV012,,,,,,,
ITEM,Aloo Nazakat Tikka,Tandoor Veg Starter,319,veg,5,Tandoor,,,Aloo Naz,TDV013,,,,,,,
ITEM,Aloo Cheez Corn Tikki,Tandoor Veg Starter,319,veg,5,Tandoor,,,Aloo Cheez,TDV014,,,,,,,
ITEM,Chana Tikki,Tandoor Veg Starter,269,veg,5,Tandoor,,,Chana Tikki,TDV015,,,,,,,
ITEM,Dahi Ke Shole,Tandoor Veg Starter,319,veg,5,Tandoor,,,Dahi Shole,TDV016,,,,,,,
ITEM,Veg Kebab Platter,Tandoor Veg Starter,499,veg,5,Tandoor,,,Veg Plattr,TDV017,,,,,,,

ITEM,Tandoori Chicken,Tandoor Non-Veg Starter,0,nonveg,5,Tandoor,Half or Full,,Tand Chk,TDN001,,,,,,,
VARIANT,Half,,,379,,,,,,,TDN001-H,yes,,,,,Tandoori Chicken
VARIANT,Full,,,599,,,,,,,TDN001-F,no,,,,,Tandoori Chicken
ITEM,Chicken Tikka,Tandoor Non-Veg Starter,379,nonveg,5,Tandoor,,,Chk Tikka,TDN002,,,,,,,
ITEM,Chicken Malai Tikka,Tandoor Non-Veg Starter,379,nonveg,5,Tandoor,,,Malai Tikka,TDN003,,,,,,,
ITEM,Chicken Hariyali Tikka,Tandoor Non-Veg Starter,379,nonveg,5,Tandoor,,,Hariyali,TDN004,,,,,,,
ITEM,Chicken Pahadi Tikka,Tandoor Non-Veg Starter,379,nonveg,5,Tandoor,,,Pahadi Tk,TDN005,,,,,,,
ITEM,Chicken Achari Tikka,Tandoor Non-Veg Starter,379,nonveg,5,Tandoor,,,Achari Tk,TDN006,,,,,,,
ITEM,Afghani Chicken,Tandoor Non-Veg Starter,0,nonveg,5,Tandoor,Half or Full,,Afghani,TDN007,,,,,,,
VARIANT,Half,,,389,,,,,,,TDN007-H,yes,,,,,Afghani Chicken
VARIANT,Full,,,629,,,,,,,TDN007-F,no,,,,,Afghani Chicken
ITEM,Chicken Sheek Kebab,Tandoor Non-Veg Starter,369,nonveg,5,Tandoor,,,Chk Sheek,TDN008,,,,,,,
ITEM,Chicken Neyurani,Tandoor Non-Veg Starter,379,nonveg,5,Tandoor,,,Neyurani,TDN009,,,,,,,
ITEM,Chicken Banajara,Tandoor Non-Veg Starter,379,nonveg,5,Tandoor,,,Banajara,TDN010,,,,,,,
ITEM,Achari Tagdi Kebab,Tandoor Non-Veg Starter,299,nonveg,5,Tandoor,2 Pieces,,Achari Tag,TDN011,,,,,,,
ITEM,Egg Neyurani Kebab,Tandoor Non-Veg Starter,299,egg,5,Tandoor,,,Egg Ney,TDN012,,,,,,,
ITEM,Garlic Fish Tikka,Tandoor Non-Veg Starter,379,nonveg,5,Tandoor,,,Fish Tikka,TDN013,,,,,,,
ITEM,Amritsari Fish Fry,Tandoor Non-Veg Starter,399,nonveg,5,Tandoor,,,Amritsari,TDN014,,,,,,,
ITEM,Non Veg Kebab Platter,Tandoor Non-Veg Starter,599,nonveg,5,Tandoor,,,NV Platter,TDN015,,,,,,,

ITEM,Aaj Ki Sabzi,Main Course Veg,279,veg,5,Kitchen,,,Aaj Ki Sab,MCV001,,,,,,,
ITEM,Mix Veg,Main Course Veg,279,veg,5,Kitchen,,,Mix Veg,MCV002,,,,,,,
ITEM,Palak Corn,Main Course Veg,279,veg,5,Kitchen,,,Palak Corn,MCV003,,,,,,,
ITEM,Pindi Chole,Main Course Veg,279,veg,5,Kitchen,,,Pindi Chole,MCV004,,,,,,,
ITEM,Heeng Dhaniya Ke Aloo,Main Course Veg,279,veg,5,Kitchen,,,Heeng Aloo,MCV005,,,,,,,
ITEM,Jeera Aloo,Main Course Veg,269,veg,5,Kitchen,,,Jeera Aloo,MCV006,,,,,,,
ITEM,Kashmiri Dum Aloo,Main Course Veg,289,veg,5,Kitchen,,,Dum Aloo,MCV007,,,,,,,
ITEM,Stuff Tomato,Main Course Veg,259,veg,5,Kitchen,,,Stuff Tom,MCV008,,,,,,,
ITEM,Stuff Capsicum,Main Course Veg,259,veg,5,Kitchen,,,Stuff Cap,MCV009,,,,,,,
ITEM,Mushroom Masala,Main Course Veg,319,veg,5,Kitchen,,,Mush Masala,MCV010,,,,,,,
ITEM,Matar Mushroom Masala,Main Course Veg,319,veg,5,Kitchen,,,Matar Mush,MCV011,,,,,,,
ITEM,Malai Kofta,Main Course Veg,329,veg,5,Kitchen,,,Malai Kofta,MCV012,,,,,,,
ITEM,Kaju Curry,Main Course Veg,339,veg,5,Kitchen,,,Kaju Curry,MCV013,,,,,,,
ITEM,Kaju Masala,Main Course Veg,339,veg,5,Kitchen,,,Kaju Masala,MCV014,,,,,,,
ITEM,Methi Matar Malai,Main Course Veg,319,veg,5,Kitchen,,,Methi Malai,MCV015,,,,,,,
ITEM,Soya Chap Masala,Main Course Veg,329,veg,5,Kitchen,,,Soya Chap,MCV016,,,,,,,
ITEM,Baby Corn Masala,Main Course Veg,339,veg,5,Kitchen,,,Baby Corn,MCV017,,,,,,,
ITEM,Mushroom Handi,Main Course Veg,329,veg,5,Kitchen,,,Mush Handi,MCV018,,,,,,,
ITEM,Paneer Butter Masala,Main Course Veg,329,veg,5,Kitchen,,,PBM,MCV019,,,,,,,
ITEM,Kadhai Paneer,Main Course Veg,329,veg,5,Kitchen,,,Kadhai Pan,MCV020,,,,,,,
ITEM,Paneer Punjabi,Main Course Veg,329,veg,5,Kitchen,,,Pan Punjabi,MCV021,,,,,,,
ITEM,Paneer Kolhapuri,Main Course Veg,329,veg,5,Kitchen,,,Pan Kolha,MCV022,,,,,,,
ITEM,Paneer Tikka Masala,Main Course Veg,339,veg,5,Kitchen,,,Pan TM,MCV023,,,,,,,
ITEM,Shahi Paneer,Main Course Veg,339,veg,5,Kitchen,,,Shahi Pan,MCV024,,,,,,,
ITEM,Mushroom Paneer,Main Course Veg,329,veg,5,Kitchen,,,Mush Pan,MCV025,,,,,,,
ITEM,Paneer Do Pyaza,Main Course Veg,329,veg,5,Kitchen,,,Pan DoPyz,MCV026,,,,,,,
ITEM,Paneer Toofani,Main Course Veg,329,veg,5,Kitchen,,,Pan Toofan,MCV027,,,,,,,
ITEM,Palak Paneer,Main Course Veg,329,veg,5,Kitchen,,,Palak Pan,MCV028,,,,,,,
ITEM,Paneer Pasanda,Main Course Veg,329,veg,5,Kitchen,,,Pan Pasand,MCV029,,,,,,,
ITEM,Paneer Handi,Main Course Veg,329,veg,5,Kitchen,,,Pan Handi,MCV030,,,,,,,

ITEM,Dal Fry,Dal,249,veg,5,Kitchen,,,Dal Fry,DAL001,,,,,,,
ITEM,Dal Tadka,Dal,249,veg,5,Kitchen,,,Dal Tadka,DAL002,,,,,,,
ITEM,Dal Pachrangi,Dal,279,veg,5,Kitchen,,,Dal Pach,DAL003,,,,,,,
ITEM,Dal Makhani,Dal,289,veg,5,Kitchen,,,Dal Makhni,DAL004,,,,,,,
ITEM,Dal Muglai,Dal,289,veg,5,Kitchen,,,Dal Muglai,DAL005,,,,,,,
ITEM,Punjabi Dal Tadka,Dal,289,veg,5,Kitchen,,,Punj Tadka,DAL006,,,,,,,

ITEM,Chicken Bagheli,Main Course Non-Veg,0,nonveg,5,Kitchen,,,Chk Bagheli,MCN001,,,,,,,
VARIANT,Single,,,299,,,,,,,MCN001-S,yes,,,,,Chicken Bagheli
VARIANT,Family,,,449,,,,,,,MCN001-F,no,,,,,Chicken Bagheli
ITEM,Chicken Handi,Main Course Non-Veg,0,nonveg,5,Kitchen,,,Chk Handi,MCN002,,,,,,,
VARIANT,Single,,,299,,,,,,,MCN002-S,yes,,,,,Chicken Handi
VARIANT,Family,,,449,,,,,,,MCN002-F,no,,,,,Chicken Handi
ITEM,Chicken Curry,Main Course Non-Veg,0,nonveg,5,Kitchen,,,Chk Curry,MCN003,,,,,,,
VARIANT,Single,,,299,,,,,,,MCN003-S,yes,,,,,Chicken Curry
VARIANT,Family,,,449,,,,,,,MCN003-F,no,,,,,Chicken Curry
ITEM,Chicken Do Pyaza,Main Course Non-Veg,0,nonveg,5,Kitchen,,,Chk DoPyz,MCN004,,,,,,,
VARIANT,Single,,,299,,,,,,,MCN004-S,yes,,,,,Chicken Do Pyaza
VARIANT,Family,,,449,,,,,,,MCN004-F,no,,,,,Chicken Do Pyaza
ITEM,Butter Chicken,Main Course Non-Veg,0,nonveg,5,Kitchen,,,Butter Chk,MCN005,,,,,,,
VARIANT,Single,,,329,,,,,,,MCN005-S,yes,,,,,Butter Chicken
VARIANT,Family,,,499,,,,,,,MCN005-F,no,,,,,Butter Chicken
ITEM,Kadhai Chicken,Main Course Non-Veg,0,nonveg,5,Kitchen,,,Kadhai Chk,MCN006,,,,,,,
VARIANT,Single,,,329,,,,,,,MCN006-S,yes,,,,,Kadhai Chicken
VARIANT,Family,,,499,,,,,,,MCN006-F,no,,,,,Kadhai Chicken
ITEM,Chicken Masala,Main Course Non-Veg,0,nonveg,5,Kitchen,,,Chk Masala,MCN007,,,,,,,
VARIANT,Single,,,329,,,,,,,MCN007-S,yes,,,,,Chicken Masala
VARIANT,Family,,,499,,,,,,,MCN007-F,no,,,,,Chicken Masala
ITEM,Chicken Tikka Masala,Main Course Non-Veg,0,nonveg,5,Kitchen,,,CTM,MCN008,,,,,,,
VARIANT,Single,,,329,,,,,,,MCN008-S,yes,,,,,Chicken Tikka Masala
VARIANT,Family,,,499,,,,,,,MCN008-F,no,,,,,Chicken Tikka Masala
ITEM,Chicken Methi Malai,Main Course Non-Veg,0,nonveg,5,Kitchen,,,Chk Methi,MCN009,,,,,,,
VARIANT,Single,,,329,,,,,,,MCN009-S,yes,,,,,Chicken Methi Malai
VARIANT,Family,,,499,,,,,,,MCN009-F,no,,,,,Chicken Methi Malai
ITEM,Rahra Chicken,Main Course Non-Veg,0,nonveg,5,Kitchen,,,Rahra Chk,MCN010,,,,,,,
VARIANT,Single,,,329,,,,,,,MCN010-S,yes,,,,,Rahra Chicken
VARIANT,Family,,,499,,,,,,,MCN010-F,no,,,,,Rahra Chicken
ITEM,Bhuna Chicken,Main Course Non-Veg,0,nonveg,5,Kitchen,,,Bhuna Chk,MCN011,,,,,,,
VARIANT,Single,,,329,,,,,,,MCN011-S,yes,,,,,Bhuna Chicken
VARIANT,Family,,,499,,,,,,,MCN011-F,no,,,,,Bhuna Chicken
ITEM,Mutton Bagheli,Main Course Non-Veg,0,nonveg,5,Kitchen,,,Mut Bagheli,MCN012,,,,,,,
VARIANT,Single,,,369,,,,,,,MCN012-S,yes,,,,,Mutton Bagheli
VARIANT,Family,,,569,,,,,,,MCN012-F,no,,,,,Mutton Bagheli
ITEM,Mutton Masala,Main Course Non-Veg,0,nonveg,5,Kitchen,,,Mut Masala,MCN013,,,,,,,
VARIANT,Single,,,379,,,,,,,MCN013-S,yes,,,,,Mutton Masala
VARIANT,Family,,,579,,,,,,,MCN013-F,no,,,,,Mutton Masala
ITEM,Mutton Handi,Main Course Non-Veg,0,nonveg,5,Kitchen,,,Mut Handi,MCN014,,,,,,,
VARIANT,Single,,,379,,,,,,,MCN014-S,yes,,,,,Mutton Handi
VARIANT,Family,,,579,,,,,,,MCN014-F,no,,,,,Mutton Handi
ITEM,Dhawa Mutton,Main Course Non-Veg,0,nonveg,5,Kitchen,,,Dhawa Mut,MCN015,,,,,,,
VARIANT,Single,,,379,,,,,,,MCN015-S,yes,,,,,Dhawa Mutton
VARIANT,Family,,,579,,,,,,,MCN015-F,no,,,,,Dhawa Mutton
ITEM,Rahra Mutton,Main Course Non-Veg,0,nonveg,5,Kitchen,,,Rahra Mut,MCN016,,,,,,,
VARIANT,Single,,,379,,,,,,,MCN016-S,yes,,,,,Rahra Mutton
VARIANT,Family,,,579,,,,,,,MCN016-F,no,,,,,Rahra Mutton
ITEM,Mutton Kadhai,Main Course Non-Veg,0,nonveg,5,Kitchen,,,Kadhai Mut,MCN017,,,,,,,
VARIANT,Single,,,379,,,,,,,MCN017-S,yes,,,,,Mutton Kadhai
VARIANT,Family,,,579,,,,,,,MCN017-F,no,,,,,Mutton Kadhai
ITEM,Bhuna Mutton,Main Course Non-Veg,0,nonveg,5,Kitchen,,,Bhuna Mut,MCN018,,,,,,,
VARIANT,Single,,,379,,,,,,,MCN018-S,yes,,,,,Bhuna Mutton
VARIANT,Family,,,579,,,,,,,MCN018-F,no,,,,,Bhuna Mutton
ITEM,Fish Curry,Main Course Non-Veg,0,nonveg,5,Kitchen,,,Fish Curry,MCN019,,,,,,,
VARIANT,Single,,,299,,,,,,,MCN019-S,yes,,,,,Fish Curry
VARIANT,Family,,,449,,,,,,,MCN019-F,no,,,,,Fish Curry
ITEM,Fish Masala,Main Course Non-Veg,0,nonveg,5,Kitchen,,,Fish Masala,MCN020,,,,,,,
VARIANT,Single,,,329,,,,,,,MCN020-S,yes,,,,,Fish Masala
VARIANT,Family,,,499,,,,,,,MCN020-F,no,,,,,Fish Masala
ITEM,Egg Curry,Main Course Non-Veg,199,egg,5,Kitchen,,,Egg Curry,MCN021,,,,,,,
ITEM,Egg Masala,Main Course Non-Veg,229,egg,5,Kitchen,,,Egg Masala,MCN022,,,,,,,

ITEM,Tandoori Roti,Breads,30,veg,5,Tandoor,,,Tand Roti,BRD001,,,,,,,
ITEM,Tandoori Roti Butter,Breads,35,veg,5,Tandoor,,,Roti Butter,BRD002,,,,,,,
ITEM,Hari Mirch Ki Roti,Breads,35,veg,5,Tandoor,,,Hari Roti,BRD003,,,,,,,
ITEM,Missi Roti,Breads,35,veg,5,Tandoor,,,Missi Roti,BRD004,,,,,,,
ITEM,Naan,Breads,40,veg,5,Tandoor,,,Naan,BRD005,,,,,,,
ITEM,Butter Naan,Breads,50,veg,5,Tandoor,,,Butter Naan,BRD006,,,,,,,
ITEM,Garlic Naan,Breads,60,veg,5,Tandoor,,,Garlic Naan,BRD007,,,,,,,
ITEM,Laccha Paratha,Breads,60,veg,5,Tandoor,,,Laccha,BRD008,,,,,,,
ITEM,Ajwaini Paratha,Breads,55,veg,5,Tandoor,,,Ajwaini,BRD009,,,,,,,
ITEM,Pudina Paratha,Breads,55,veg,5,Tandoor,,,Pudina,BRD010,,,,,,,
ITEM,Aloo Paratha,Breads,89,veg,5,Tandoor,,,Aloo Prtha,BRD011,,,,,,,
ITEM,Aloo Pyaaz Paratha,Breads,110,veg,5,Tandoor,,,Aloo Pyaaz,BRD012,,,,,,,
ITEM,Gobhi Paratha,Breads,110,veg,5,Tandoor,,,Gobhi Prtha,BRD013,,,,,,,
ITEM,Paneer Paratha,Breads,110,veg,5,Tandoor,,,Pan Prtha,BRD014,,,,,,,
ITEM,Stuffed Kulcha,Breads,110,veg,5,Tandoor,,,Stuff Kulch,BRD015,,,,,,,
ITEM,Kashmiri Naan,Breads,80,veg,5,Tandoor,,,Kash Naan,BRD016,,,,,,,
ITEM,Bread Basket,Breads,210,veg,5,Tandoor,,,Bread Bskt,BRD017,,,,,,,

ITEM,Plain Rice,Rice & Biryani,139,veg,5,Kitchen,,,Plain Rice,RIC001,,,,,,,
ITEM,Jeera Rice,Rice & Biryani,159,veg,5,Kitchen,,,Jeera Rice,RIC002,,,,,,,
ITEM,Peas Pulao,Rice & Biryani,169,veg,5,Kitchen,,,Peas Pulao,RIC003,,,,,,,
ITEM,Veg Pulao,Rice & Biryani,169,veg,5,Kitchen,,,Veg Pulao,RIC004,,,,,,,
ITEM,Curd Rice,Rice & Biryani,169,veg,5,Kitchen,,,Curd Rice,RIC005,,,,,,,
ITEM,Kashmiri Pulao,Rice & Biryani,189,veg,5,Kitchen,,,Kash Pulao,RIC006,,,,,,,
ITEM,Veg Biryani,Rice & Biryani,299,veg,5,Kitchen,,,Veg Biryani,RIC007,,,,,,,
ITEM,Egg Biryani,Rice & Biryani,299,egg,5,Kitchen,,,Egg Biryani,RIC008,,,,,,,
ITEM,Chicken Biryani,Rice & Biryani,359,nonveg,5,Kitchen,,,Chk Biryani,RIC009,,,,,,,
ITEM,Mutton Biryani,Rice & Biryani,449,nonveg,5,Kitchen,,,Mut Biryani,RIC010,,,,,,,
ITEM,Fish Tikka Biryani,Rice & Biryani,399,nonveg,5,Kitchen,,,Fish Biryan,RIC011,,,,,,,
ITEM,Chicken Tikka Biryani,Rice & Biryani,399,nonveg,5,Kitchen,,,CTB,RIC012,,,,,,,

ITEM,Plain Curd,Raita,89,veg,5,Kitchen,,,Plain Curd,RAI001,,,,,,,
ITEM,Mix Veg Raita,Raita,99,veg,5,Kitchen,,,Mix Raita,RAI002,,,,,,,
ITEM,Boondi Raita,Raita,99,veg,5,Kitchen,,,Boondi Rait,RAI003,,,,,,,
ITEM,Fruit Raita,Raita,119,veg,5,Kitchen,,,Fruit Raita,RAI004,,,,,,,
ITEM,Pineapple Raita,Raita,119,veg,5,Kitchen,,,Pine Raita,RAI005,,,,,,,

ITEM,Papad Roasted,Accompaniments,29,veg,5,Kitchen,,,Papad Rst,ACC001,,,,,,,
ITEM,Papad Fry,Accompaniments,29,veg,5,Kitchen,,,Papad Fry,ACC002,,,,,,,
ITEM,Masala Papad,Accompaniments,69,veg,5,Kitchen,,,Mas Papad,ACC003,,,,,,,
ITEM,Masala Peanut,Accompaniments,119,veg,5,Kitchen,,,Mas Peanut,ACC004,,,,,,,
ITEM,Onion Salad,Accompaniments,89,veg,5,Kitchen,,,Onion Salad,ACC005,,,,,,,
ITEM,Green Salad,Accompaniments,99,veg,5,Kitchen,,,Green Salad,ACC006,,,,,,,
ITEM,Russian Salad,Accompaniments,119,veg,5,Kitchen,,,Russian Sal,ACC007,,,,,,,
ITEM,Kimchi Salad,Accompaniments,119,veg,5,Kitchen,,,Kimchi Sal,ACC008,,,,,,,
ITEM,Kuchumber Salad,Accompaniments,99,veg,5,Kitchen,,,Kuchumber,ACC009,,,,,,,
ITEM,Sprout Salad,Accompaniments,119,veg,5,Kitchen,,,Sprout Sal,ACC010,,,,,,,

ITEM,Choice of Ice Cream,Desserts,95,veg,5,Dessert,2 Scoops,,Ice Cream,DES001,,,,,,,
ITEM,Matka Kulfi,Desserts,109,veg,5,Dessert,,,Matka Kulfi,DES002,,,,,,,
ITEM,Gulab Jamun,Desserts,95,veg,5,Dessert,,,Gulab Jamun,DES003,,,,,,,
ITEM,Rasmalai,Desserts,109,veg,5,Dessert,,,Rasmalai,DES004,,,,,,,
ITEM,Shahi Thandi Kheer,Desserts,109,veg,5,Dessert,,,Shahi Kheer,DES005,,,,,,,
ITEM,Brownie With Ice Cream,Desserts,119,veg,5,Dessert,,,Brownie IC,DES006,,,,,,,
ITEM,Gajar Halwa,Desserts,119,veg,5,Dessert,Seasonal,,Gajar Halwa,DES007,,,,,,,

ADDON_GROUP,Spice Level,,,,,,,,,,,single,1,1,no,,
ADDON,Mild,,,0,veg,,,,,,,,,,,,Spice Level,
ADDON,Medium,,,0,veg,,,,,,,,,,,,Spice Level,
ADDON,Spicy,,,0,veg,,,,,,,,,,,,Spice Level,
ADDON,Extra Spicy,,,0,veg,,,,,,,,,,,,Spice Level,

ADDON_GROUP,Extra Toppings,,,,,,,,,,,multiple,0,5,no,,
ADDON,Extra Cheese,,,30,veg,,,,,,,,,,,,Extra Toppings,
ADDON,Extra Paneer,,,50,veg,,,,,,,,,,,,Extra Toppings,
ADDON,Extra Chicken,,,70,nonveg,,,,,,,,,,,,Extra Toppings,
ADDON,Extra Onion,,,20,veg,,,,,,,,,,,,Extra Toppings,
ADDON,Extra Capsicum,,,20,veg,,,,,,,,,,,,Extra Toppings,
ADDON,Extra Mushroom,,,40,veg,,,,,,,,,,,,Extra Toppings,
ADDON,Jalapeno,,,25,veg,,,,,,,,,,,,Extra Toppings,

ADDON_GROUP,Sauce Options,,,,,,,,,,,multiple,0,3,no,,
ADDON,Schezwan Sauce,,,20,veg,,,,,,,,,,,,Sauce Options,
ADDON,Mayonnaise,,,20,veg,,,,,,,,,,,,Sauce Options,
ADDON,Tomato Ketchup,,,10,veg,,,,,,,,,,,,Sauce Options,
ADDON,Mustard Sauce,,,15,veg,,,,,,,,,,,,Sauce Options,
ADDON,Mint Chutney,,,15,veg,,,,,,,,,,,,Sauce Options,
ADDON,Tamarind Chutney,,,15,veg,,,,,,,,,,,,Sauce Options,

ADDON_GROUP,Bread Choice,,,,,,,,,,,single,0,1,no,,
ADDON,With Butter Naan,,,50,veg,,,,,,,,,,,,Bread Choice,
ADDON,With Tandoori Roti,,,30,veg,,,,,,,,,,,,Bread Choice,
ADDON,With Laccha Paratha,,,60,veg,,,,,,,,,,,,Bread Choice,
ADDON,With Garlic Naan,,,60,veg,,,,,,,,,,,,Bread Choice,

ADDON_GROUP,Rice Choice,,,,,,,,,,,single,0,1,no,,
ADDON,With Jeera Rice,,,159,veg,,,,,,,,,,,,Rice Choice,
ADDON,With Plain Rice,,,139,veg,,,,,,,,,,,,Rice Choice,
ADDON,With Veg Pulao,,,169,veg,,,,,,,,,,,,Rice Choice,

ADDON_GROUP,Beverage Add-on,,,,,,,,,,,multiple,0,2,no,,
ADDON,Add Coke,,,99,veg,,,,,,,,,,,,Beverage Add-on,
ADDON,Add Fresh Lime Soda,,,99,veg,,,,,,,,,,,,Beverage Add-on,
ADDON,Add Lassi,,,99,veg,,,,,,,,,,,,Beverage Add-on,
ADDON,Add Mineral Water,,,29,veg,,,,,,,,,,,,Beverage Add-on,

ADDON_GROUP,Cooking Style,,,,,,,,,,,single,1,1,no,,
ADDON,Dry,,,0,veg,,,,,,,,,,,,Cooking Style,
ADDON,Gravy,,,0,veg,,,,,,,,,,,,Cooking Style,
ADDON,Semi Gravy,,,0,veg,,,,,,,,,,,,Cooking Style,

ADDON_GROUP,Portion Size,,,,,,,,,,,single,1,1,no,,
ADDON,Regular,,,0,veg,,,,,,,,,,,,Portion Size,
ADDON,Half,,,0,veg,,,,,,,,,,,,Portion Size,
ADDON,Full,,,0,veg,,,,,,,,,,,,Portion Size,

ADDON_GROUP,Ice Cream Flavors,,,,,,,,,,,single,1,1,no,,
ADDON,Vanilla,,,0,veg,,,,,,,,,,,,Ice Cream Flavors,
ADDON,Chocolate,,,0,veg,,,,,,,,,,,,Ice Cream Flavors,
ADDON,Strawberry,,,0,veg,,,,,,,,,,,,Ice Cream Flavors,
ADDON,Butterscotch,,,0,veg,,,,,,,,,,,,Ice Cream Flavors,
ADDON,Mango,,,0,veg,,,,,,,,,,,,Ice Cream Flavors,
